MSE,RMSE,MAE,MAPE
0.0003295147254064803,0.01815254046701123,0.014273562675457829,0.002319063848888024
