MSE,RMSE,MAE,MAPE
1.5988887881001175,1.2644717427052758,1.1351147895226954,0.2037344541717347
