MSE,RMSE,MAE,MAPE
6.430998158221892e-05,0.008019350446402684,0.006713654671175223,0.0010881953732554892
