MSE,RMSE,MAE,MAPE
1.628334927507667,1.2760622741495287,1.149720297969969,0.20610099595476286
