MSE,RMSE,MAE,MAPE
1.6110286874208668,1.2692630489464611,1.141434285706852,0.20480044446106616
