MSE,RMSE,MAE,MAPE
0.00026293994194273796,0.016215422965274076,0.013735990900208541,0.002229803653237701
