MSE,RMSE,MAE,MAPE
0.00032963801261192316,0.01815593601585782,0.014311793269965673,0.0023253205501296468
