MSE,RMSE,MAE,MAPE
1.6786258644639476,1.295617946951935,1.1756835794319453,0.2092821909831796
