MSE,RMSE,MAE,MAPE
1.6327328184345733,1.27778433956383,1.1524924694785643,0.2067235348674994
