MSE,RMSE,MAE,MAPE
0.00032927405273365794,0.0181459100828164,0.014251816963344616,0.0023155358802998413
