MSE,RMSE,MAE,MAPE
0.005003273503898041,0.07073382149932267,0.05841585916673907,0.009711087162351969
