MSE,RMSE,MAE,MAPE
0.00033563948088112164,0.01832046617532211,0.01443283827330945,0.002344930224778756
